id,title,description,image_url,category,wholesale_price_paise,suggested_retail_price_paise,admin_stock,is_active,created_at,updated_at,category_id,mrp_paise,gst_percentage,hsn_code,product_images
,Aashirvaad Atta 5kg,Premium whole wheat atta for soft rotis,,Groceries,22000,24500,200,TRUE,2024-01-01,2024-06-01,,26000,0,9971,
,Fortune Chakki Fresh Atta 10kg,Stone ground whole wheat atta,,Groceries,41000,46000,150,TRUE,2024-01-01,2024-06-01,,49000,0,9971,
,Rajdhani Besan 1kg,Fine gram flour for cooking,,Groceries,5800,6500,300,TRUE,2024-01-01,2024-06-01,,7000,5,9971,
,Pillsbury Maida 1kg,Refined wheat flour,,Groceries,4200,4800,250,TRUE,2024-01-01,2024-06-01,,5200,0,9971,
,Patanjali Atta 5kg,Naturally processed whole wheat flour,,Groceries,19500,22000,180,TRUE,2024-01-01,2024-06-01,,24000,0,9971,
,India Gate Basmati Rice 5kg,Premium aged basmati rice,,Groceries,48000,54000,120,TRUE,2024-01-01,2024-06-01,,57500,5,9971,
,Daawat Rozana Basmati 5kg,Everyday basmati rice,,Groceries,39000,44000,130,TRUE,2024-01-01,2024-06-01,,47000,5,9971,
,Kohinoor Super Value Rice 5kg,Long grain non-basmati rice,,Groceries,30000,34500,160,TRUE,2024-01-01,2024-06-01,,37000,5,9971,
,Fortune Sona Masoori Rice 5kg,South Indian variety raw rice,,Groceries,29000,33000,140,TRUE,2024-01-01,2024-06-01,,35500,5,9971,
,Aeroplane Brand Idli Rice 5kg,Parboiled rice for idli/dosa,,Groceries,27000,30500,100,TRUE,2024-01-01,2024-06-01,,33000,5,9971,
,Tata Sampann Toor Dal 1kg,"Split pigeon peas, unpolished",,Groceries,11500,13000,200,TRUE,2024-01-01,2024-06-01,,14000,5,9971,
,Tata Sampann Moong Dal 500g,"Split green gram, protein-rich",,Groceries,5800,6500,180,TRUE,2024-01-01,2024-06-01,,7000,5,9971,
,Patanjali Chana Dal 1kg,Split bengal gram,,Groceries,8000,9000,220,TRUE,2024-01-01,2024-06-01,,9800,5,9971,
,Rajdhani Masoor Dal 500g,Red lentils,,Groceries,5500,6200,160,TRUE,2024-01-01,2024-06-01,,6800,5,9971,
,Tata Sampann Urad Dal 1kg,"Split black gram, unpolished",,Groceries,13500,15000,150,TRUE,2024-01-01,2024-06-01,,16200,5,9971,
,Fortune Sunflower Oil 1L,Refined sunflower cooking oil,,Groceries,13000,14500,250,TRUE,2024-01-01,2024-06-01,,15500,5,9971,
,Saffola Gold 1L,Blended edible vegetable oil,,Groceries,17500,19500,200,TRUE,2024-01-01,2024-06-01,,21000,5,9971,
,Dhara Mustard Oil 1L,Kachi ghani pure mustard oil,,Groceries,15500,17500,180,TRUE,2024-01-01,2024-06-01,,18900,5,9971,
,Patanjali Cow Ghee 500g,Pure cow ghee,,Groceries,25000,28500,150,TRUE,2024-01-01,2024-06-01,,30500,12,9971,
,Fortune Soyabean Oil 5L,Refined soyabean cooking oil,,Groceries,62000,69000,100,TRUE,2024-01-01,2024-06-01,,74000,5,9971,
,Madhur Sugar 1kg,Refined white crystal sugar,,Groceries,4200,4800,400,TRUE,2024-01-01,2024-06-01,,5200,5,9971,
,Tata Salt 1kg,Iodized common salt,,Groceries,1800,2100,500,TRUE,2024-01-01,2024-06-01,,2400,0,9971,
,Saffola Honey 250g,Pure natural honey,,Groceries,10500,12000,200,TRUE,2024-01-01,2024-06-01,,13000,5,9971,
,Everest Red Chilli Powder 200g,Bright red chilli powder,,Groceries,7000,8000,300,TRUE,2024-01-01,2024-06-01,,8700,5,9971,
,MDH Garam Masala 100g,Blended whole spices powder,,Groceries,6200,7000,280,TRUE,2024-01-01,2024-06-01,,7600,5,9971,
,Catch Turmeric Powder 200g,Pure haldi powder,,Groceries,4500,5200,300,TRUE,2024-01-01,2024-06-01,,5700,5,9971,
,Everest Coriander Powder 200g,Pure dhaniya powder,,Groceries,5000,5700,250,TRUE,2024-01-01,2024-06-01,,6200,5,9971,
,MDH Chaat Masala 100g,Tangy spice blend for chaats,,Groceries,5500,6200,220,TRUE,2024-01-01,2024-06-01,,6800,5,9971,
,Tata Tea Premium 500g,Premium blend black tea,,Groceries,19500,22000,200,TRUE,2024-01-01,2024-06-01,,24000,5,9971,
,Red Label Tea 250g,Strong blend CTC tea,,Groceries,9800,11000,220,TRUE,2024-01-01,2024-06-01,,12000,5,9971,
,Bru Gold Instant Coffee 50g,Premium instant coffee,,Groceries,18500,21000,150,TRUE,2024-01-01,2024-06-01,,22900,12,9971,
,Nescafe Classic 50g,100% pure coffee granules,,Groceries,22000,25000,140,TRUE,2024-01-01,2024-06-01,,27000,12,9971,
,Parle-G Glucose Biscuits 800g,Classic glucose biscuits family pack,,Groceries,3500,4000,400,TRUE,2024-01-01,2024-06-01,,4500,12,9971,
,Britannia Good Day 600g,Cashew & almond butter cookies,,Groceries,10500,12000,300,TRUE,2024-01-01,2024-06-01,,13000,12,9971,
,Lay's Classic Salted 130g,Potato chips salted flavour,,Groceries,2000,2400,350,TRUE,2024-01-01,2024-06-01,,2800,12,9971,
,Haldirams Bhujia Sev 400g,Crispy besan bhujia namkeen,,Groceries,14500,16500,250,TRUE,2024-01-01,2024-06-01,,18000,12,9971,
,Amul Butter 500g,Pasteurized butter,,Groceries,27000,30500,150,TRUE,2024-01-01,2024-06-01,,33000,12,9971,
,Amul Processed Cheese 200g,Natural mild cheddar cheese,,Groceries,11000,12500,180,TRUE,2024-01-01,2024-06-01,,13700,12,9971,
,Mother Dairy Curd 400g,Set curd from toned milk,,Groceries,3200,3700,200,TRUE,2024-01-01,2024-06-01,,4000,5,9971,
,Dove Body Wash 250ml,Moisturising body wash,,Groceries,19000,22000,150,TRUE,2024-01-01,2024-06-01,,24500,18,9971,
,Colgate MaxFresh 150g,Cooling crystals gel toothpaste,,Groceries,8500,9800,250,TRUE,2024-01-01,2024-06-01,,10900,18,9971,
,Head & Shoulders Shampoo 340ml,Anti-dandruff shampoo,,Groceries,27000,30500,130,TRUE,2024-01-01,2024-06-01,,33500,18,9971,
,Vim Dishwash Bar 500g,Lemon dishwash bar,,Groceries,4800,5500,300,TRUE,2024-01-01,2024-06-01,,6000,18,9971,
,Surf Excel Easy Wash 1kg,Detergent powder,,Groceries,14500,16500,200,TRUE,2024-01-01,2024-06-01,,18000,18,9971,
,Harpic Power Plus 500ml,Toilet cleaner thick formula,,Groceries,11500,13000,180,TRUE,2024-01-01,2024-06-01,,14500,18,9971,
,Happilo Premium Cashews 200g,Whole cashew nuts W320,,Groceries,28000,32000,120,TRUE,2024-01-01,2024-06-01,,35000,5,9971,
,Nutraj California Almonds 250g,Raw almonds premium quality,,Groceries,25000,28500,130,TRUE,2024-01-01,2024-06-01,,31000,5,9971,
,Lion Raisins 500g,Seedless dried grapes,,Groceries,15000,17000,150,TRUE,2024-01-01,2024-06-01,,18500,5,9971,
,Maggi 2-Minute Noodles 8-pack,Masala flavour instant noodles,,Groceries,7200,8200,300,TRUE,2024-01-01,2024-06-01,,9600,12,9971,
,Sunfeast Yippee Noodles 6-pack,Magic masala instant noodles,,Groceries,5800,6600,280,TRUE,2024-01-01,2024-06-01,,7800,12,9971,
,Lakme 9to5 Primer Matte 25ml,Oil-control face primer with matte finish,,Beauty,37000,42000,150,TRUE,2024-01-01,2024-06-01,,45500,18,9971,
,Pond's White Beauty Cream 50g,Whitening SPF15 day cream,,Beauty,13000,15000,250,TRUE,2024-01-01,2024-06-01,,16500,18,9971,
,Himalaya Nourishing Skin Cream 200ml,Daily moisturising cream with almond oil,,Beauty,12500,14500,200,TRUE,2024-01-01,2024-06-01,,15900,18,9971,
,Neutrogena Oil-Free Moisturiser 60ml,Lightweight oil-free moisturiser,,Beauty,31000,35500,120,TRUE,2024-01-01,2024-06-01,,38500,18,9971,
,Clean & Clear Face Wash 100ml,Oil control deep cleaning face wash,,Beauty,10500,12000,220,TRUE,2024-01-01,2024-06-01,,13200,18,9971,
,Lotus Herbals Whiteglow Face Wash 100g,Skin whitening gel face wash,,Beauty,14000,16000,180,TRUE,2024-01-01,2024-06-01,,17500,18,9971,
,Biotique Bio Honey Gel Face Wash 100ml,Soothing face wash for all skin types,,Beauty,11000,12500,170,TRUE,2024-01-01,2024-06-01,,13800,18,9971,
,Garnier Micellar Water 400ml,Removes makeup and impurities gently,,Beauty,32000,36500,130,TRUE,2024-01-01,2024-06-01,,39900,18,9971,
,Lotus Safe Sun SPF 50 100g,PA+++ broad spectrum sunscreen,,Beauty,24000,27500,160,TRUE,2024-01-01,2024-06-01,,30000,18,9971,
,Neutrogena Ultra Sheer SPF 50+ 88ml,Dry touch sunscreen lotion,,Beauty,48000,55000,110,TRUE,2024-01-01,2024-06-01,,59900,18,9971,
,Lakme Sun Expert SPF 50 60ml,Tinted sunscreen with PA+++ protection,,Beauty,22000,25500,140,TRUE,2024-01-01,2024-06-01,,27900,18,9971,
,Lakme Enrich Matte Lipstick,Highly pigmented matte lipstick,,Beauty,28000,32000,200,TRUE,2024-01-01,2024-06-01,,35000,18,9971,
,Maybelline Color Sensational Lipstick,Creamy moisture-rich lipstick,,Beauty,32000,36500,180,TRUE,2024-01-01,2024-06-01,,39900,18,9971,
,Nivea Lip Balm Strawberry 4.8g,Moisturising fruity lip balm,,Beauty,9000,10500,300,TRUE,2024-01-01,2024-06-01,,11500,18,9971,
,Vaseline Lip Therapy Original 20g,Classic petroleum jelly lip care,,Beauty,8000,9200,350,TRUE,2024-01-01,2024-06-01,,10000,18,9971,
,Maybelline Colossal Kajal 0.35g,Intense black kajal pencil,,Beauty,17000,19500,250,TRUE,2024-01-01,2024-06-01,,21500,18,9971,
,Lakme Eyeconic Kajal 0.35g,Smudge-proof long-lasting kajal,,Beauty,18000,20500,230,TRUE,2024-01-01,2024-06-01,,22500,18,9971,
,Maybelline Sky High Mascara 7.2ml,Buildable lengthening mascara,,Beauty,40000,46000,120,TRUE,2024-01-01,2024-06-01,,49900,18,9971,
,Lakme Absolute Eyeliner 3.5ml,Precision tip liquid eyeliner,,Beauty,28000,32000,150,TRUE,2024-01-01,2024-06-01,,35000,18,9971,
,Lakme 9to5 Flawless Matte Foundation 30ml,Full coverage matte foundation,,Beauty,58000,66000,100,TRUE,2024-01-01,2024-06-01,,71900,18,9971,
,Maybelline Fit Me Foundation 30ml,Natural finish buildable coverage,,Beauty,55000,63000,110,TRUE,2024-01-01,2024-06-01,,68900,18,9971,
,Lakme Radiance Compact 9g,Natural finish pressed powder compact,,Beauty,24000,27500,160,TRUE,2024-01-01,2024-06-01,,30000,18,9971,
,Dove Intense Repair Shampoo 650ml,Keratin actives repair damage,,Beauty,38000,43500,130,TRUE,2024-01-01,2024-06-01,,47500,18,9971,
,Pantene Pro-V Shampoo 650ml,Smooth & silky anti-hairfall shampoo,,Beauty,39000,44500,130,TRUE,2024-01-01,2024-06-01,,48500,18,9971,
,Himalaya Anti-Dandruff Shampoo 400ml,Tea tree & rosemary dandruff control,,Beauty,21000,24000,160,TRUE,2024-01-01,2024-06-01,,26500,18,9971,
,Clinic Plus Strength Shampoo 340ml,Milk protein strength shampoo,,Beauty,17000,19500,180,TRUE,2024-01-01,2024-06-01,,21500,18,9971,
,Parachute Coconut Oil 500ml,100% pure coconut hair oil,,Beauty,18000,20500,200,TRUE,2024-01-01,2024-06-01,,22500,18,9971,
,Bajaj Almond Drops Hair Oil 300ml,Non-sticky almond hair oil,,Beauty,20500,23500,170,TRUE,2024-01-01,2024-06-01,,25900,18,9971,
,Dove Conditioner Intense Repair 175ml,Deep repair conditioner,,Beauty,24000,27500,140,TRUE,2024-01-01,2024-06-01,,30000,18,9971,
,Indulekha Bringha Hair Oil 100ml,Ayurvedic hair growth oil,,Beauty,37000,42500,120,TRUE,2024-01-01,2024-06-01,,46500,18,9971,
,Vaseline Intensive Care Lotion 400ml,Deep moisture body lotion,,Beauty,26000,30000,160,TRUE,2024-01-01,2024-06-01,,32900,18,9971,
,Nivea Soft Moisturising Cream 300ml,Jojoba oil & vitamin E cream,,Beauty,29000,33000,150,TRUE,2024-01-01,2024-06-01,,36500,18,9971,
,Himalaya Nourishing Body Lotion 400ml,Winter cherry moisturising lotion,,Beauty,22000,25500,160,TRUE,2024-01-01,2024-06-01,,27900,18,9971,
,Dove Body Lotion Deeply Nourishing 400ml,1/4 moisturising cream formula,,Beauty,31000,35500,140,TRUE,2024-01-01,2024-06-01,,38900,18,9971,
,Fogg Black Body Spray 120ml,Long-lasting no-gas deodorant,,Beauty,20000,23000,200,TRUE,2024-01-01,2024-06-01,,25500,18,9971,
,Engage W1 Perfume Spray 150ml,Floral fruity women's perfume,,Beauty,21000,24000,180,TRUE,2024-01-01,2024-06-01,,26500,18,9971,
,Axe Dark Temptation Deo 150ml,Chocolate fragrance body spray,,Beauty,19500,22500,190,TRUE,2024-01-01,2024-06-01,,24900,18,9971,
,Dove Original Deo 150ml,48hr protection anti-perspirant,,Beauty,23000,26500,170,TRUE,2024-01-01,2024-06-01,,29000,18,9971,
,Lakme True Wear Nail Color 9ml,Chip-resistant long stay nail enamel,,Beauty,15000,17500,200,TRUE,2024-01-01,2024-06-01,,19000,18,9971,
,Maybelline Super Stay Nail Polish 10ml,7-day chip-resistant nail colour,,Beauty,16500,19000,180,TRUE,2024-01-01,2024-06-01,,20900,18,9971,
,Garnier Vitamin C Serum 30ml,Brightening anti-dark spots serum,,Beauty,55000,63000,100,TRUE,2024-01-01,2024-06-01,,69900,18,9971,
,Mamaearth Ubtan Face Mask 100ml,Turmeric & saffron brightening mask,,Beauty,29000,33500,130,TRUE,2024-01-01,2024-06-01,,36900,18,9971,
,Lotus Herbals Teatree Face Pack 60g,Purifying clay face pack,,Beauty,18000,20500,150,TRUE,2024-01-01,2024-06-01,,22500,18,9971,
,Whisper Ultra Clean XL 30 pads,Dry top sheet sanitary pads,,Beauty,28000,32000,180,TRUE,2024-01-01,2024-06-01,,35500,12,9971,
,Sofy Antibacterial Pads 30 count,Antibacterial protection sanitary pads,,Beauty,26000,30000,160,TRUE,2024-01-01,2024-06-01,,33000,12,9971,
,Johnson's Baby Powder 400g,Classic talc-free baby powder,,Beauty,25000,29000,150,TRUE,2024-01-01,2024-06-01,,31500,18,9971,
,Johnson's Baby Lotion 500ml,Gentle moisturising baby lotion,,Beauty,31000,35500,140,TRUE,2024-01-01,2024-06-01,,38900,18,9971,
,Gillette Mach3 Razor,3-blade shaving razor with lubricating strip,,Beauty,17000,19500,200,TRUE,2024-01-01,2024-06-01,,21500,18,9971,
,Beardo Beard Oil 30ml,Argan & macadamia beard growth oil,,Beauty,32000,36500,130,TRUE,2024-01-01,2024-06-01,,39900,18,9971,
,Ustraa Face Wash Oily Skin 200ml,Activated charcoal deep cleanse,,Beauty,24000,27500,140,TRUE,2024-01-01,2024-06-01,,29900,18,9971,
,Surf Excel Matic Top Load 2kg,Detergent powder for top load washing machines,,Home,38000,43500,150,TRUE,2024-01-01,2024-06-01,,47500,18,9971,
,Ariel Matic Liquid 1L,Liquid detergent for front load machines,,Home,35000,40000,140,TRUE,2024-01-01,2024-06-01,,43900,18,9971,
,Tide Plus 3kg,Extra power detergent powder,,Home,39000,44500,120,TRUE,2024-01-01,2024-06-01,,48500,18,9971,
,Comfort Fabric Conditioner After Wash 860ml,Fabric softener with morning fresh fragrance,,Home,22000,25500,160,TRUE,2024-01-01,2024-06-01,,27900,18,9971,
,Rin Advanced Detergent Bar 250g (Pack of 4),High foam washing bar for white clothes,,Home,7500,8500,250,TRUE,2024-01-01,2024-06-01,,9600,18,9971,
,Vim Dishwash Liquid Lemon 750ml,Grease-cutting lemon dish soap,,Home,14000,16000,200,TRUE,2024-01-01,2024-06-01,,17500,18,9971,
,Pril Power Gel 500ml,Power gel dishwash with active salt,,Home,13000,15000,190,TRUE,2024-01-01,2024-06-01,,16500,18,9971,
,Exo Dish Wash Bar 500g,Tamarind-powered dish washing bar,,Home,5500,6300,300,TRUE,2024-01-01,2024-06-01,,7000,18,9971,
,Harpic Bathroom Cleaner Lavender 500ml,"Kills 99.9% germs, removes stains",,Home,12500,14500,180,TRUE,2024-01-01,2024-06-01,,15900,18,9971,
,Lizol Floor Cleaner Floral 975ml,Disinfectant floor cleaner,,Home,17500,20000,160,TRUE,2024-01-01,2024-06-01,,21900,18,9971,
,Colin Glass Cleaner 500ml,Streak-free glass and surface cleaner,,Home,10000,11500,200,TRUE,2024-01-01,2024-06-01,,12700,18,9971,
,Domex Ultra Thick Bleach 1L,Thick bleach toilet & surface cleaner,,Home,13000,15000,170,TRUE,2024-01-01,2024-06-01,,16500,18,9971,
,Odonil Room Freshener Spray 140g,Floral bouquet air freshener,,Home,12000,14000,200,TRUE,2024-01-01,2024-06-01,,15500,18,9971,
,Ambi Pur Car Freshener 7.5ml,Freshmatic refill - lavender,,Home,18000,20500,150,TRUE,2024-01-01,2024-06-01,,22500,18,9971,
,Godrej Aer Pocket Bathroom Freshener 10g,Fragrant gel for bathroom freshness,,Home,8500,9800,220,TRUE,2024-01-01,2024-06-01,,10900,18,9971,
,Prestige Aluminium Pressure Cooker 5L,Hard anodised pressure cooker with lid,,Home,185000,212000,50,TRUE,2024-01-01,2024-06-01,,229900,12,9971,
,Hawkins Contura 3L Pressure Cooker,Inner lid aluminium pressure cooker,,Home,155000,178000,50,TRUE,2024-01-01,2024-06-01,,195000,12,9971,
,Prestige Omega Select Plus Non-Stick Tawa 30cm,Hard anodised non-stick tawa,,Home,72000,83000,70,TRUE,2024-01-01,2024-06-01,,91000,12,9971,
,Pigeon Non-Stick Kadai with Lid 24cm,Hard anodised non-stick kadai,,Home,68000,78000,60,TRUE,2024-01-01,2024-06-01,,85900,12,9971,
,Milton Thermosteel Flask 500ml,24hr hot & cold stainless steel flask,,Home,62000,71500,80,TRUE,2024-01-01,2024-06-01,,78500,12,9971,
,Cello Opalware Dinner Set 18pcs,White opal glass dinner set,,Home,98000,112000,40,TRUE,2024-01-01,2024-06-01,,124900,18,9971,
,Tupperware Modular Mates Set of 4,Airtight stackable storage containers,,Home,95000,109000,45,TRUE,2024-01-01,2024-06-01,,119900,18,9971,
,Lock & Lock Container 3pc Set,Airtight food storage set 500ml+1L+1.5L,,Home,52000,60000,80,TRUE,2024-01-01,2024-06-01,,65900,18,9971,
,Nilkamal Plastic Basket Set of 3,Multi-purpose storage baskets,,Home,38000,44000,90,TRUE,2024-01-01,2024-06-01,,48500,18,9971,
,Story@Home Double Bedsheet with 2 Pillow Covers,Cotton blend printed bedsheet 90x100 inch,,Home,78000,90000,60,TRUE,2024-01-01,2024-06-01,,99900,5,9971,
,Trident Single Bedsheet with 1 Pillow Cover,100% cotton satin bedsheet,,Home,52000,60000,70,TRUE,2024-01-01,2024-06-01,,65900,5,9971,
,Story@Home Microfibre Pillow 18x28 inch Pack of 2,Hollow fibre fill soft pillow,,Home,42000,48500,80,TRUE,2024-01-01,2024-06-01,,53500,5,9971,
,Trident AC Blanket Double 60x90 inch,All-season reversible blanket,,Home,88000,101000,50,TRUE,2024-01-01,2024-06-01,,111900,5,9971,
,Trident Terry Cotton Bath Towel 70x140cm,Highly absorbent 500 GSM bath towel,,Home,38000,44000,100,TRUE,2024-01-01,2024-06-01,,48500,5,9971,
,Story@Home Face Towel Pack of 6,Soft cotton face towel set,,Home,25000,29000,120,TRUE,2024-01-01,2024-06-01,,31900,5,9971,
,Bathla Anti-Skid Bath Mat 40x60cm,Non-slip rubber bath mat,,Home,21000,24500,90,TRUE,2024-01-01,2024-06-01,,26900,18,9971,
,Good Knight Power Activ+ Mosquito Repellent Machine,All-night mosquito repellent with refill,,Home,14000,16500,180,TRUE,2024-01-01,2024-06-01,,18000,18,9971,
,Mortein Insta All Insect Killer Spray 425ml,Instant kill spray for all insects,,Home,18500,21500,150,TRUE,2024-01-01,2024-06-01,,23500,18,9971,
,Hit Anti-Roach Gel 20g,Bait gel for cockroach control,,Home,22000,25500,130,TRUE,2024-01-01,2024-06-01,,27900,18,9971,
,All Out Ultra Power Refill 45 nights,Liquid refill for mosquito repellent machine,,Home,10500,12000,200,TRUE,2024-01-01,2024-06-01,,13200,18,9971,
,Pigeon Plastic Chopping Board Large,Food-grade PP chopping board with handle,,Home,15000,17500,130,TRUE,2024-01-01,2024-06-01,,19000,18,9971,
,Prestige Stainless Steel Knife Set 3pc,Chef knife + bread knife + utility knife,,Home,38000,44000,80,TRUE,2024-01-01,2024-06-01,,48500,18,9971,
,Borosil Glass Bowl Set 3pc,Microwave safe borosilicate mixing bowls,,Home,48000,55000,70,TRUE,2024-01-01,2024-06-01,,60500,18,9971,
,Ganesh Plastic Grater & Slicer,Multi-purpose 4-in-1 vegetable grater,,Home,8500,9800,160,TRUE,2024-01-01,2024-06-01,,10900,18,9971,
,Wonderchef Induction Base Casserole 3L,SS casserole for all cooktops,,Home,88000,101000,50,TRUE,2024-01-01,2024-06-01,,111900,12,9971,
,Hosley Scented Jar Candle Lavender 300g,Soy wax aromatherapy candle 45hr burn,,Home,28000,32500,90,TRUE,2024-01-01,2024-06-01,,35500,12,9971,
,Nayasa Plastic Dustbin with Lid 10L,Pedal operated dustbin with inner bucket,,Home,25000,29000,100,TRUE,2024-01-01,2024-06-01,,31900,18,9971,
,Cello Stainless Steel Soap Dispenser 300ml,Pump soap dispenser for kitchen/bath,,Home,19000,22000,110,TRUE,2024-01-01,2024-06-01,,24500,18,9971,
,Scotch-Brite Spin Mop with Bucket,360 degree spin mop easy wring system,,Home,79000,91000,55,TRUE,2024-01-01,2024-06-01,,99900,18,9971,
,Scotch-Brite Heavy Duty Scrub Pad Pack of 6,Green scrubbing pads for pots and pans,,Home,8500,9800,250,TRUE,2024-01-01,2024-06-01,,10900,18,9971,
,Gala Floor Broom with Stick 5ft,Coconut fibre broom for dry sweeping,,Home,16000,18500,130,TRUE,2024-01-01,2024-06-01,,20500,5,9971,
,Gala No-Dust Broom Medium,Microfibre dust broom for dry use,,Home,22000,25500,100,TRUE,2024-01-01,2024-06-01,,27900,5,9971,
,Wipro 9W LED Bulb Cool White (Pack of 2),B22 base energy saving LED bulb,,Home,18000,20500,200,TRUE,2024-01-01,2024-06-01,,22500,12,9971,
,Syska LED Strip Light 5m Warm White,Self-adhesive flexible LED strip 12V,,Home,32000,37000,80,TRUE,2024-01-01,2024-06-01,,40500,12,9971,
,Havells Extension Board 4 Socket 3m,Surge protected multi-plug extension cord,,Home,42000,48500,90,TRUE,2024-01-01,2024-06-01,,53000,18,9971,
,Redmi 13C 4GB/128GB Midnight Black,"6.74 inch HD+ display, 50MP camera, 5000mAh battery",,Electronics,920000,1049900,30,TRUE,2024-01-01,2024-06-01,,1149900,18,9971,
,Samsung Galaxy M14 4GB/128GB Smoky Teal,"6.6 inch FHD+, 50MP triple camera, 6000mAh battery",,Electronics,1180000,1349900,25,TRUE,2024-01-01,2024-06-01,,1479900,18,9971,
,Realme Narzo N55 4GB/64GB Prime Blue,"6.72 inch HD+, 64MP camera, 5000mAh battery",,Electronics,1050000,1199900,28,TRUE,2024-01-01,2024-06-01,,1299900,18,9971,
,Lava Blaze 5G 4GB/128GB Glass Blue,"6.5 inch HD+, 50MP AI camera, 5000mAh 5G phone",,Electronics,1230000,1399900,22,TRUE,2024-01-01,2024-06-01,,1549900,18,9971,
,Nokia 110 4G Dual SIM Charcoal,"1.8 inch display, wireless FM, 1020mAh battery",,Electronics,370000,424900,50,TRUE,2024-01-01,2024-06-01,,469900,18,9971,
,Jio Phone Prime 2GB/32GB,KaiOS feature phone with 4G VoLTE,,Electronics,420000,479900,45,TRUE,2024-01-01,2024-06-01,,529900,18,9971,
,boAt Bassheads 100 Wired Earphones,"10mm drivers, in-line mic, tangle-free cable",,Electronics,38000,44900,150,TRUE,2024-01-01,2024-06-01,,49900,18,9971,
,boAt Airdopes 141 TWS Earbuds,"42hr total playback, IPX4 water resistant",,Electronics,115000,131900,80,TRUE,2024-01-01,2024-06-01,,149900,18,9971,
,Noise Buds VS104 TWS Earbuds,"30hr playback, ENC mic, low latency gaming mode",,Electronics,108000,123900,75,TRUE,2024-01-01,2024-06-01,,139900,18,9971,
,Sony WH-CH520 Wireless Headphones Blue,"50hr battery, multipoint connect, foldable",,Electronics,3150000,3599900,20,TRUE,2024-01-01,2024-06-01,,3999900,18,9971,
,JBL Tune 510BT Wireless Headphones Black,"40hr playback, hands-free calls, foldable",,Electronics,2600000,2999900,22,TRUE,2024-01-01,2024-06-01,,3299900,18,9971,
,boAt Stone 352 Bluetooth Speaker,"10W stereo sound, IPX7, 12hr battery",,Electronics,195000,224900,60,TRUE,2024-01-01,2024-06-01,,249900,18,9971,
,JBL Go 3 Portable Bluetooth Speaker,"4.2W output, IP67, 5hr playtime, ultra-portable",,Electronics,2650000,3049900,30,TRUE,2024-01-01,2024-06-01,,3299900,18,9971,
,Noise Unplug 1000 Bluetooth Speaker,"10W, RGB lights, TWS pairing, 8hr battery",,Electronics,175000,199900,55,TRUE,2024-01-01,2024-06-01,,219900,18,9971,
,boAt Wave Call 2 Smartwatch Black,"1.83 inch display, Bluetooth calling, SpO2, HR monitor",,Electronics,175000,199900,70,TRUE,2024-01-01,2024-06-01,,219900,18,9971,
,Noise ColorFit Pro 4 Alpha Smartwatch,"1.78 inch AMOLED, always-on display, BT calling",,Electronics,260000,299900,55,TRUE,2024-01-01,2024-06-01,,329900,18,9971,
,Fire-Boltt Phoenix Ultra Smartwatch,"1.39 inch AMOLED, GPS, 100+ sports modes",,Electronics,345000,394900,45,TRUE,2024-01-01,2024-06-01,,434900,18,9971,
,Syska 20W Fast Charger with Type-C Cable,PD fast charging adapter + 1m braided cable,,Electronics,52000,59900,120,TRUE,2024-01-01,2024-06-01,,65900,18,9971,
,Ambrane 65W GaN Charger,3-port (2C+1A) ultra compact fast charger,,Electronics,98000,112900,80,TRUE,2024-01-01,2024-06-01,,124900,18,9971,
,boAt Type-C Braided Cable 1.5m Pack of 2,3A fast charge 480Mbps data transfer cable,,Electronics,32000,36900,160,TRUE,2024-01-01,2024-06-01,,39900,18,9971,
,Portronics 10000mAh Power Bank 22.5W,Dual input dual output slim power bank,,Electronics,185000,212900,70,TRUE,2024-01-01,2024-06-01,,234900,18,9971,
,Zebronics 6-Port USB Hub 3.0,Multi-port USB 3.0 hub with power delivery,,Electronics,72000,82900,90,TRUE,2024-01-01,2024-06-01,,89900,18,9971,
,Philips MG3730 Multigroom 8-in-1 Trimmer,"Self-sharpening steel blades, 60min runtime",,Electronics,298000,342900,50,TRUE,2024-01-01,2024-06-01,,374900,18,9971,
,Syska HB100 Beard Trimmer,"45min cordless use, 20 length settings",,Electronics,132000,151900,70,TRUE,2024-01-01,2024-06-01,,164900,18,9971,
,Panasonic ER-GP30 Hair Clipper,"Professional V-blade, 50min cordless use",,Electronics,178000,204900,45,TRUE,2024-01-01,2024-06-01,,224900,18,9971,
,Oral-B Pro 1 Electric Toothbrush,"2D cleaning action, pressure sensor, timer",,Electronics,580000,665900,35,TRUE,2024-01-01,2024-06-01,,729900,18,9971,
,Colgate ProClinical 150 Electric Brush,5x more plaque removal vs manual brush,,Electronics,420000,482900,40,TRUE,2024-01-01,2024-06-01,,529900,18,9971,
,Philips BHH811 Hair Dryer 1200W,"ThermoProtect technology, 3 heat settings",,Electronics,178000,204900,55,TRUE,2024-01-01,2024-06-01,,224900,18,9971,
,Vega VHSC-02 Hair Straightener,"Ceramic coated floating plates, 210°C max",,Electronics,132000,151900,65,TRUE,2024-01-01,2024-06-01,,164900,18,9971,
,Syska CPH1800 Curling Wand 25mm,"Tourmaline ceramic barrel, auto shut-off",,Electronics,115000,131900,50,TRUE,2024-01-01,2024-06-01,,144900,18,9971,
,Prestige PKPW 1.8L Electric Kettle 1500W,"Food-grade SS body, auto shut-off, boil dry protection",,Electronics,138000,158900,65,TRUE,2024-01-01,2024-06-01,,174900,18,9971,
,Morphy Richards 1.8L Electric Kettle 2200W,"Cool touch body, concealed heating element",,Electronics,178000,204900,50,TRUE,2024-01-01,2024-06-01,,224900,18,9971,
,Philips HL1655 Mixer Grinder 750W,"3 stainless steel jars, 3-speed + pulse",,Electronics,2350000,2699900,25,TRUE,2024-01-01,2024-06-01,,2999900,18,9971,
,Bajaj Rex 500W Mixer Grinder,"3 jars, overload protection, stainless blades",,Electronics,1650000,1899900,30,TRUE,2024-01-01,2024-06-01,,2099900,18,9971,
,Panasonic SR-WA22 Electric Rice Cooker 5.4L,"One-touch cook & warm, non-stick pan",,Electronics,298000,342900,35,TRUE,2024-01-01,2024-06-01,,374900,18,9971,
,Wonderchef Nutri-Blend 400W Personal Blender,"Juicer + blender + dry grinder, BPA-free jars",,Electronics,195000,224900,45,TRUE,2024-01-01,2024-06-01,,249900,18,9971,
,Havells Toasty 2-Slice Pop-up Toaster 800W,"Variable browning control, removable crumb tray",,Electronics,145000,166900,50,TRUE,2024-01-01,2024-06-01,,184900,18,9971,
,Havells Leganza 4-Blade Ceiling Fan 1200mm,"BLDC motor, 5-star energy rating, remote control",,Electronics,3780000,4349900,20,TRUE,2024-01-01,2024-06-01,,4749900,18,9971,
,Orient Electric Wall Fan 400mm 55W,High speed wall mounting fan 3-speed control,,Electronics,1450000,1669900,30,TRUE,2024-01-01,2024-06-01,,1834900,18,9971,
,Usha Mist Air Icy Table Fan 400mm,High velocity table fan with remote,,Electronics,2150000,2469900,25,TRUE,2024-01-01,2024-06-01,,2699900,18,9971,
,Philips GC1905 1440W Dry Iron,"Non-stick soleplate, anti-calc drip stop",,Electronics,138000,158900,60,TRUE,2024-01-01,2024-06-01,,174900,18,9971,
,Bajaj MX3 1000W Steam Iron,"2-in-1 dry & steam, stainless soleplate",,Electronics,115000,131900,65,TRUE,2024-01-01,2024-06-01,,144900,18,9971,
,Morphy Richards Comfy 1600W Steam Iron,"Ceramic soleplate, 20g/min steam, anti-drip",,Electronics,198000,227900,45,TRUE,2024-01-01,2024-06-01,,249900,18,9971,
,Casio FX-82MS Scientific Calculator,"240 functions, 2-line display, solar+battery",,Electronics,72000,82900,100,TRUE,2024-01-01,2024-06-01,,89900,18,9971,
,Canon P23-DHV-3 Printing Calculator,"12-digit, tax/currency keys, 2-colour print",,Electronics,138000,158900,50,TRUE,2024-01-01,2024-06-01,,174900,18,9971,
,CP Plus 2MP Full HD CCTV Camera Outdoor,"Night vision 20m, IP66 weatherproof dome camera",,Electronics,1650000,1899900,25,TRUE,2024-01-01,2024-06-01,,2099900,18,9971,
,Duracell AA Alkaline Batteries Pack of 10,Long-lasting alkaline AA batteries,,Electronics,52000,59900,200,TRUE,2024-01-01,2024-06-01,,64900,18,9971,
,Eveready DL6 LED Torch,"6 LED focus torch, 3xAA batteries included",,Electronics,28000,32900,150,TRUE,2024-01-01,2024-06-01,,35900,18,9971,
,Anchor by Panasonic 6A 3-Pin Top Socket 6pcs,ISI marked modular sockets,,Electronics,28000,32900,150,TRUE,2024-01-01,2024-06-01,,35900,18,9971,
,Havells Crabtree 6A 2-Pin + 3-Pin Extension 4m,4 socket surge-protected extension lead 4m,,Electronics,52000,59900,100,TRUE,2024-01-01,2024-06-01,,65900,18,9971,
,Dollar Bigboss Men's Round Neck T-Shirt Navy Blue XL,"100% cotton jersey, regular fit casual tee",,Fashion,18000,20900,120,TRUE,2024-01-01,2024-06-01,,22900,12,9971,
,Jockey Men's Crew Neck T-Shirt White M,Cotton blend half sleeve everyday tee,,Fashion,32000,36900,100,TRUE,2024-01-01,2024-06-01,,39900,12,9971,
,Peter England Men's Polo T-Shirt Grey L,"Pique cotton polo with collar, slim fit",,Fashion,42000,48900,80,TRUE,2024-01-01,2024-06-01,,53900,12,9971,
,Dollar Bigboss Pack of 3 Vest White S/M/L/XL,Cotton sleeveless inner vest combo pack,,Fashion,22000,25900,150,TRUE,2024-01-01,2024-06-01,,27900,12,9971,
,Peter England Men's Formal Shirt Light Blue 40,100% cotton slim fit full sleeve formal shirt,,Fashion,68000,78900,60,TRUE,2024-01-01,2024-06-01,,85900,12,9971,
,Indian Terrain Men's Check Shirt Blue 42,Cotton blend regular fit casual check shirt,,Fashion,78000,89900,55,TRUE,2024-01-01,2024-06-01,,98900,12,9971,
,Provogue Men's Linen Shirt White L,70% linen 30% cotton half sleeve shirt,,Fashion,52000,59900,70,TRUE,2024-01-01,2024-06-01,,65900,12,9971,
,Peter England Men's Formal Trouser Black 32,Polyester viscose slim fit flat front trouser,,Fashion,88000,101900,50,TRUE,2024-01-01,2024-06-01,,111900,12,9971,
,Wrangler Men's Regular Fit Jeans Dark Blue 32,100% cotton mid-rise regular fit denim,,Fashion,98000,112900,45,TRUE,2024-01-01,2024-06-01,,124900,12,9971,
,Dollar Bigboss Men's Track Pant Black L,Cotton blend regular fit jogger with pocket,,Fashion,28000,32900,100,TRUE,2024-01-01,2024-06-01,,35900,12,9971,
,Jockey Men's Brief Pack of 3 Assorted M,Eco-stretch cotton briefs multicolour pack,,Fashion,35000,40900,120,TRUE,2024-01-01,2024-06-01,,44900,5,9971,
,Dollar Bigboss Men's Trunk Pack of 3 L,Cotton trunk innerwear combo,,Fashion,22000,25900,130,TRUE,2024-01-01,2024-06-01,,27900,5,9971,
,Jockey Men's Ankle Length Socks Pack of 3 Free Size,Cotton stretch ankle socks assorted colours,,Fashion,18000,20900,200,TRUE,2024-01-01,2024-06-01,,22900,12,9971,
,Dollar Men's Full Length Socks Pack of 5 Free Size,Soft cotton calf length socks,,Fashion,15000,17900,220,TRUE,2024-01-01,2024-06-01,,19900,12,9971,
,Biba Women's Cotton Kurta Navy Blue S,Straight cut printed cotton kurta,,Fashion,72000,82900,70,TRUE,2024-01-01,2024-06-01,,89900,5,9971,
,Global Desi Women's Anarkali Kurta Pink M,Rayon flared anarkali with embroidery,,Fashion,88000,101900,60,TRUE,2024-01-01,2024-06-01,,111900,5,9971,
,W Women's A-Line Kurta White L,Cotton blend A-line daily wear kurta,,Fashion,65000,74900,65,TRUE,2024-01-01,2024-06-01,,82900,5,9971,
,Aurelia Women's Straight Kurta Mustard XL,Viscose rayon straight kurta with print,,Fashion,58000,66900,70,TRUE,2024-01-01,2024-06-01,,72900,5,9971,
,Jockey Women's Crew Neck T-Shirt Black S,Cotton casual everyday top,,Fashion,28000,32900,100,TRUE,2024-01-01,2024-06-01,,35900,12,9971,
,Fablestreet Women's Solid Top Blush Pink M,Polyester regular fit casual top,,Fashion,42000,48900,80,TRUE,2024-01-01,2024-06-01,,53900,12,9971,
,Global Desi Women's Crop Top White S,Cotton printed crop top casual wear,,Fashion,38000,44900,85,TRUE,2024-01-01,2024-06-01,,48900,12,9971,
,Wrangler Women's Skinny Jeans Black 28,Stretch denim mid-rise skinny fit jeans,,Fashion,95000,109900,50,TRUE,2024-01-01,2024-06-01,,119900,12,9971,
,W Women's Palazzos Navy Blue M,Wide leg flowy palazzo pants,,Fashion,48000,55900,75,TRUE,2024-01-01,2024-06-01,,61900,5,9971,
,Biba Women's Churidar Legging Black L,Cotton stretch churidar for kurta,,Fashion,28000,32900,100,TRUE,2024-01-01,2024-06-01,,35900,5,9971,
,Jockey Women's Full Coverage Bra Skin 34B,Seam-free wirefree everyday bra,,Fashion,32000,36900,110,TRUE,2024-01-01,2024-06-01,,39900,5,9971,
,Enamor Women's T-Shirt Bra Black 34C,Lightly padded push-up bra,,Fashion,38000,44900,90,TRUE,2024-01-01,2024-06-01,,48900,5,9971,
,Jockey Women's Hipster Panty Pack of 3 M,Cotton stretch everyday hipster panty set,,Fashion,28000,32900,120,TRUE,2024-01-01,2024-06-01,,35900,5,9971,
,Bodycare Kids Thermal Vest & Legging Set White 2-3Y,Anti-bacterial warm thermals for toddlers,,Fashion,22000,25900,100,TRUE,2024-01-01,2024-06-01,,27900,5,9971,
,Disney Boys' Printed T-Shirt Blue 6-7Y,100% cotton Disney character print tee,,Fashion,28000,32900,90,TRUE,2024-01-01,2024-06-01,,35900,12,9971,
,Barbie Girls' Frock Pink 4-5Y,Cotton blend princess frock with bow,,Fashion,32000,36900,85,TRUE,2024-01-01,2024-06-01,,39900,12,9971,
,Dollar Boys' Brief Pack of 5 6-8Y,Soft cotton everyday kids' brief multipack,,Fashion,18000,20900,120,TRUE,2024-01-01,2024-06-01,,22900,5,9971,
,Sparx Men's Running Shoes Navy/White Size 9,"Lightweight EVA sole, mesh upper sports shoe",,Fashion,78000,89900,60,TRUE,2024-01-01,2024-06-01,,98900,18,9971,
,Liberty Force 10 Men's Canvas Shoe Black 8,Vulcanised rubber sole casual canvas shoe,,Fashion,58000,66900,70,TRUE,2024-01-01,2024-06-01,,72900,18,9971,
,Bata Comfit Men's Formal Shoe Black 9,Genuine leather upper cushioned insole,,Fashion,148000,169900,40,TRUE,2024-01-01,2024-06-01,,187900,18,9971,
,Relaxo Flite Men's Slipper Grey 9,EVA lightweight daily wear flip flop,,Fashion,18000,20900,150,TRUE,2024-01-01,2024-06-01,,22900,18,9971,
,Sparx Women's Sandal Silver Size 5,Block heel party sandal with ankle strap,,Fashion,52000,59900,80,TRUE,2024-01-01,2024-06-01,,65900,18,9971,
,Bata Marie Women's Ballet Flat Nude 4,Slip-on round toe ballet flat,,Fashion,48000,55900,75,TRUE,2024-01-01,2024-06-01,,61900,18,9971,
,Relaxo Women's Hawai Slipper Pink 6,Rubber strap casual home slipper,,Fashion,12000,13900,180,TRUE,2024-01-01,2024-06-01,,14900,18,9971,
,Bata Bubblegummers Kids Shoe Blue 28,Velcro strap light school shoe,,Fashion,42000,48900,70,TRUE,2024-01-01,2024-06-01,,53900,18,9971,
,Relaxo Kids Slipper Red 24,Soft rubber kids' home slipper,,Fashion,8000,9900,200,TRUE,2024-01-01,2024-06-01,,10900,18,9971,
,Wildcraft Backpack 30L Black,Water-resistant laptop backpack with organiser,,Fashion,1150000,1319900,35,TRUE,2024-01-01,2024-06-01,,1449900,18,9971,
,Gear School Bag 25L Blue,Ergonomic padded back school backpack,,Fashion,680000,782900,50,TRUE,2024-01-01,2024-06-01,,859900,18,9971,
,Baggit Women's Handbag Tan,PU leather structured top-handle handbag,,Fashion,780000,899900,40,TRUE,2024-01-01,2024-06-01,,989900,18,9971,
,Wildcraft Tote Bag Grey,12L water-resistant casual tote,,Fashion,380000,438900,55,TRUE,2024-01-01,2024-06-01,,479900,18,9971,
,Wildcraft Men's Bifold Wallet Black,Slim RFID blocking genuine leather wallet,,Fashion,320000,368900,80,TRUE,2024-01-01,2024-06-01,,404900,18,9971,
,Liberty Men's Leather Belt Brown 34,Genuine leather pin buckle formal belt,,Fashion,280000,322900,75,TRUE,2024-01-01,2024-06-01,,354900,18,9971,
,Campus Sutra Men's Cap Black Free Size,Cotton twill 6-panel baseball cap,,Fashion,22000,25900,130,TRUE,2024-01-01,2024-06-01,,27900,12,9971,
,Boldfit Women's Yoga Legging Black S,4-way stretch high-waist active legging,,Fashion,38000,44900,100,TRUE,2024-01-01,2024-06-01,,48900,12,9971,
,Jockey Men's Gym Short Black M,Polyester dry-fit training short with pockets,,Fashion,32000,36900,110,TRUE,2024-01-01,2024-06-01,,39900,12,9971,
,Bodycare Kids Thermal Set Navy 8-9Y,Full sleeve + legging winter thermal set,,Fashion,28000,32900,90,TRUE,2024-01-01,2024-06-01,,35900,5,9971,
,SG RSD Xtreme Cricket Bat English Willow Short Handle,"Grade 3 English willow, ideal for hard tennis/leather ball",,Sports,195000,224900,30,TRUE,2024-01-01,2024-06-01,,249900,12,9971,
,SG Club Cricket Ball Red Pack of 6,4-piece seamed leather cricket ball,,Sports,88000,101900,60,TRUE,2024-01-01,2024-06-01,,111900,12,9971,
,Cosco Cricket Tennis Ball Yellow Pack of 6,Rubber core tennis ball for street cricket,,Sports,18000,20900,150,TRUE,2024-01-01,2024-06-01,,22900,12,9971,
,SS Batting Gloves Pro Adult Right Hand,Cane handle grip leather palm batting gloves,,Sports,48000,55900,50,TRUE,2024-01-01,2024-06-01,,61900,12,9971,
,SG Campus Plus Cricket Kit Bag Navy,Trolley kit bag with shoe compartment & side pockets,,Sports,98000,112900,35,TRUE,2024-01-01,2024-06-01,,124900,18,9971,
,Nivia Storm Football Size 5,PVC 32-panel machine stitched football,,Sports,52000,59900,80,TRUE,2024-01-01,2024-06-01,,65900,12,9971,
,Cosco Hi-Power Football Size 4,Rubber bladder PVC casing training football,,Sports,42000,48900,90,TRUE,2024-01-01,2024-06-01,,53900,12,9971,
,Nivia Carbonite Football Shin Guard Adult,EVA foam inner layer PE shell shin guard,,Sports,28000,32900,70,TRUE,2024-01-01,2024-06-01,,35900,12,9971,
,Yonex Mavis 350 Nylon Shuttlecock Yellow Pack of 6,Medium speed nylon feather shuttlecocks,,Sports,52000,59900,100,TRUE,2024-01-01,2024-06-01,,65900,12,9971,
,Cosco CBX-450 Badminton Racket,"Aluminium shaft, full cover, 85g weight",,Sports,38000,44900,80,TRUE,2024-01-01,2024-06-01,,48900,12,9971,
,Li-Ning G-Tek 68 Badminton Racket,"Graphite composite shaft, 77g, with full cover",,Sports,78000,89900,55,TRUE,2024-01-01,2024-06-01,,98900,12,9971,
,Yonex GR 303i Badminton Racket,"Isometric head shape aluminium frame, with cover",,Sports,62000,71900,65,TRUE,2024-01-01,2024-06-01,,78900,12,9971,
,Stag Classic Table Tennis Table 9x5ft,"16mm top MDF, foldable, ITTF approved green",,Sports,1850000,2124900,8,TRUE,2024-01-01,2024-06-01,,2349900,12,9971,
,Cosco Woody Table Tennis Bat Pack of 2,5-ply wood blade + 2 balls combo set,,Sports,32000,36900,90,TRUE,2024-01-01,2024-06-01,,39900,12,9971,
,Stag 3 Star Table Tennis Ball Pack of 6,40mm ABS seamless training balls,,Sports,22000,25900,120,TRUE,2024-01-01,2024-06-01,,27900,12,9971,
,Cosco Dribble Basketball Size 7,Rubber 8-panel outdoor basketball,,Sports,52000,59900,55,TRUE,2024-01-01,2024-06-01,,65900,12,9971,
,Nivia Europa Basketball Size 6,Durable composite leather indoor/outdoor ball,,Sports,72000,82900,45,TRUE,2024-01-01,2024-06-01,,91900,12,9971,
,Cosco All Star Volleyball Size 4,18-panel PVC laminated training volleyball,,Sports,42000,48900,60,TRUE,2024-01-01,2024-06-01,,53900,12,9971,
,Kore PVC 10kg Dumbbell Set (5kg x 2),Fixed weight PVC coated hex dumbbell pair,,Sports,78000,89900,50,TRUE,2024-01-01,2024-06-01,,98900,18,9971,
,Kore PVC 20kg Weight Plate Set with Rod,Home gym barbell set with 2 dumbbells & collar,,Sports,185000,212900,30,TRUE,2024-01-01,2024-06-01,,234900,18,9971,
,Boldfit Resistance Bands Set of 5,TPE loop bands light to heavy 5 levels,,Sports,38000,44900,100,TRUE,2024-01-01,2024-06-01,,48900,18,9971,
,Strauss Yoga Mat 6mm Anti-Slip Purple,NBR foam non-slip yoga & exercise mat,,Sports,48000,55900,90,TRUE,2024-01-01,2024-06-01,,61900,18,9971,
,Facto Power Skipping Rope Adjustable,"PVC rope with foam grip handles, ball bearings",,Sports,15000,17900,150,TRUE,2024-01-01,2024-06-01,,19900,18,9971,
,Boldfit Ab Roller Wheel with Knee Pad,Steel core dual wheel ab roller for core workout,,Sports,32000,36900,80,TRUE,2024-01-01,2024-06-01,,39900,18,9971,
,Nivia Gym Gloves Pro L,Anti-slip leather palm weightlifting gloves,,Sports,28000,32900,90,TRUE,2024-01-01,2024-06-01,,35900,18,9971,
,Strauss Pull Up Bar Door Frame Steel,Telescopic doorframe pull-up bar no screws,,Sports,78000,89900,45,TRUE,2024-01-01,2024-06-01,,98900,18,9971,
,Hero Sprint Next 26T Mountain Bike 21-Speed,Alloy frame front suspension 21-speed MTB,,Sports,880000,1012900,12,TRUE,2024-01-01,2024-06-01,,1112900,12,9971,
,Hero Blast 20T Kids Cycle 5-8 Years,Single speed steel frame kids bicycle with training wheels,,Sports,480000,552900,18,TRUE,2024-01-01,2024-06-01,,609900,12,9971,
,Strauss Cycle Helmet Adults Adjustable Black,PC shell EPS foam 11-vent cycling helmet,,Sports,52000,59900,55,TRUE,2024-01-01,2024-06-01,,65900,18,9971,
,Speedo Blend Aquashort Men's L,Chlorine-resistant training swim short,,Sports,118000,135900,45,TRUE,2024-01-01,2024-06-01,,149900,12,9971,
,Speedo Futura Classic Goggles Adult Blue,Anti-fog UV protection silicone swim goggles,,Sports,78000,89900,60,TRUE,2024-01-01,2024-06-01,,98900,18,9971,
,Nivia Swimming Cap Silicone Free Size,100% silicone waterproof swim cap,,Sports,18000,20900,80,TRUE,2024-01-01,2024-06-01,,22900,18,9971,
,Sparx Men's SM-516 Running Shoes Blue/White Size 8,Mesh upper phylon midsole lightweight trainer,,Sports,88000,101900,55,TRUE,2024-01-01,2024-06-01,,111900,18,9971,
,Campus Hunk Men's Running Shoe Black 9,Air mesh upper dual density sole trainer,,Sports,78000,89900,60,TRUE,2024-01-01,2024-06-01,,98900,18,9971,
,Nivia 7050 Flicker Running Shoe Women Size 5,Lightweight breathable women's sports shoe,,Sports,72000,82900,50,TRUE,2024-01-01,2024-06-01,,91900,18,9971,
,MuscleBlaze Whey Protein 1kg Chocolate,"25g protein per serving, isolate + concentrate blend",,Sports,178000,204900,40,TRUE,2024-01-01,2024-06-01,,224900,18,9971,
,Boldfit Mass Gainer Chocolate 1kg,High calorie 3:1 carb to protein mass gainer,,Sports,118000,135900,45,TRUE,2024-01-01,2024-06-01,,149900,18,9971,
,Fast&Up Reload Electrolyte Sachet 20 pack,Effervescent sports electrolyte drink lemon flavour,,Sports,38000,44900,80,TRUE,2024-01-01,2024-06-01,,48900,12,9971,
,Nivia Men's Dri-Fit T-Shirt Blue L,Polyester moisture-wicking sports jersey,,Sports,28000,32900,100,TRUE,2024-01-01,2024-06-01,,35900,12,9971,
,Jockey Men's Active Shorts Black M,4-way stretch training short with inner brief,,Sports,38000,44900,90,TRUE,2024-01-01,2024-06-01,,48900,12,9971,
,Nivia Women's Track Suit Navy S,Polyester jacket + jogger tracksuit set,,Sports,88000,101900,55,TRUE,2024-01-01,2024-06-01,,111900,12,9971,
,Boldfit Compression Tights Men Black XL,Nylon spandex compression running tights,,Sports,48000,55900,70,TRUE,2024-01-01,2024-06-01,,61900,12,9971,
,Quechua Camping Tent 2-Person Arpenaz Fresh,"Waterproof 2000mm HH, 2-person 1-room tent",,Sports,198000,227900,20,TRUE,2024-01-01,2024-06-01,,249900,18,9971,
,Wildcraft Camping Sleeping Bag 0°C Blue,Mummy-style hollow fibre insulation sleeping bag,,Sports,78000,89900,30,TRUE,2024-01-01,2024-06-01,,98900,18,9971,
,Strauss Trekking Pole Pair Aluminium,Adjustable anti-shock aluminium hiking poles,,Sports,62000,71900,35,TRUE,2024-01-01,2024-06-01,,78900,18,9971,
,Boldfit Sports Water Bottle 1L BPA Free,Tritan plastic leak-proof shaker bottle,,Sports,28000,32900,130,TRUE,2024-01-01,2024-06-01,,35900,18,9971,
,Strauss Wrist Support Neoprene Pair,Adjustable neoprene wrist brace for gym,,Sports,18000,20900,120,TRUE,2024-01-01,2024-06-01,,22900,12,9971,
,Nivia Knee Cap Neoprene Medium Pair,Open patella knee support for sports,,Sports,22000,25900,110,TRUE,2024-01-01,2024-06-01,,27900,12,9971,
,Boldfit Sports Bag 30L Black,Polyester gym duffle bag with shoe compartment,,Sports,52000,59900,70,TRUE,2024-01-01,2024-06-01,,65900,18,9971,
,Strauss Sports Towel Microfibre 40x80cm,Quick-dry microfibre gym & sports towel,,Sports,18000,20900,140,TRUE,2024-01-01,2024-06-01,,22900,12,9971,
